<?xml version="1.0" encoding="UTF-8"?><?xml-stylesheet type='text/xsl' href='_UpgradeReport_Files/UpgradeReport.xslt'?><UpgradeLog>
<Properties><Property Name="Solution" Value="DataStructTest">
</Property><Property Name="Solution File" Value="C:\Users\tolga\Downloads\FastDijkstra\DataStructTest\DataStructTest.sln">
</Property><Property Name="Date" Value="Sunday, August 04, 2013">
</Property><Property Name="Time" Value="21:14 PM">
</Property></Properties><Event ErrorLevel="0" Project="" Source="DataStructTest.sln" Description="File successfully backed up as C:\Users\tolga\Downloads\FastDijkstra\DataStructTest\Backup\DataStructTest.sln">
</Event><Event ErrorLevel="0" Project="DataStructTest" Source="DataStructTest\DataStructTest.csproj" Description="Project file successfully backed up as C:\Users\tolga\Downloads\FastDijkstra\DataStructTest\Backup\DataStructTest\DataStructTest.csproj">
</Event><Event ErrorLevel="0" Project="DataStructTest" Source="DataStructTest\BasicHeap.cs" Description="File successfully backed up as C:\Users\tolga\Downloads\FastDijkstra\DataStructTest\Backup\DataStructTest\BasicHeap.cs">
</Event><Event ErrorLevel="0" Project="DataStructTest" Source="DataStructTest\DijkstraFast.cs" Description="File successfully backed up as C:\Users\tolga\Downloads\FastDijkstra\DataStructTest\Backup\DataStructTest\DijkstraFast.cs">
</Event><Event ErrorLevel="0" Project="DataStructTest" Source="DataStructTest\Form1.cs" Description="File successfully backed up as C:\Users\tolga\Downloads\FastDijkstra\DataStructTest\Backup\DataStructTest\Form1.cs">
</Event><Event ErrorLevel="0" Project="DataStructTest" Source="DataStructTest\Form1.Designer.cs" Description="File successfully backed up as C:\Users\tolga\Downloads\FastDijkstra\DataStructTest\Backup\DataStructTest\Form1.Designer.cs">
</Event><Event ErrorLevel="0" Project="DataStructTest" Source="DataStructTest\HeapNode.cs" Description="File successfully backed up as C:\Users\tolga\Downloads\FastDijkstra\DataStructTest\Backup\DataStructTest\HeapNode.cs">
</Event><Event ErrorLevel="0" Project="DataStructTest" Source="DataStructTest\PriorityQueue.cs" Description="File successfully backed up as C:\Users\tolga\Downloads\FastDijkstra\DataStructTest\Backup\DataStructTest\PriorityQueue.cs">
</Event><Event ErrorLevel="0" Project="DataStructTest" Source="DataStructTest\Program.cs" Description="File successfully backed up as C:\Users\tolga\Downloads\FastDijkstra\DataStructTest\Backup\DataStructTest\Program.cs">
</Event><Event ErrorLevel="0" Project="DataStructTest" Source="DataStructTest\Properties\AssemblyInfo.cs" Description="File successfully backed up as C:\Users\tolga\Downloads\FastDijkstra\DataStructTest\Backup\DataStructTest\Properties\AssemblyInfo.cs">
</Event><Event ErrorLevel="0" Project="DataStructTest" Source="DataStructTest\Properties\Resources.Designer.cs" Description="File successfully backed up as C:\Users\tolga\Downloads\FastDijkstra\DataStructTest\Backup\DataStructTest\Properties\Resources.Designer.cs">
</Event><Event ErrorLevel="0" Project="DataStructTest" Source="DataStructTest\Properties\Settings.Designer.cs" Description="File successfully backed up as C:\Users\tolga\Downloads\FastDijkstra\DataStructTest\Backup\DataStructTest\Properties\Settings.Designer.cs">
</Event><Event ErrorLevel="0" Project="DataStructTest" Source="DataStructTest\Properties\Settings.settings" Description="File successfully backed up as C:\Users\tolga\Downloads\FastDijkstra\DataStructTest\Backup\DataStructTest\Properties\Settings.settings">
</Event><Event ErrorLevel="0" Project="DataStructTest" Source="DataStructTest\Form1.resx" Description="File successfully backed up as C:\Users\tolga\Downloads\FastDijkstra\DataStructTest\Backup\DataStructTest\Form1.resx">
</Event><Event ErrorLevel="0" Project="DataStructTest" Source="DataStructTest\Properties\Resources.resx" Description="File successfully backed up as C:\Users\tolga\Downloads\FastDijkstra\DataStructTest\Backup\DataStructTest\Properties\Resources.resx">
</Event><Event ErrorLevel="0" Project="DataStructTest" Source="DataStructTest\DataStructTest.csproj" Description="Project converted successfully">
</Event><Event ErrorLevel="3" Project="DataStructTest" Source="DataStructTest\DataStructTest.csproj" Description="Converted">
</Event><Event ErrorLevel="0" Project="" Source="DataStructTest.sln" Description="Solution converted successfully">
</Event><Event ErrorLevel="3" Project="" Source="DataStructTest.sln" Description="Converted">
</Event><Event ErrorLevel="0" Project="DataStructTest" Source="DataStructTest\DataStructTest.csproj" Description="Scan complete: Upgrade not required for project files.">
</Event></UpgradeLog>